{
  "loss": 0.1944899559020996,
  "compile_metrics": 0.9297356009483337
}