{
  "accuracy": [
    0.8100881576538086,
    0.8481587767601013,
    0.88182532787323,
    0.9040511250495911,
    0.9197421073913574
  ],
  "auc": [
    0.903842568397522,
    0.9437472224235535,
    0.9564449787139893,
    0.9639235734939575,
    0.9725635051727295
  ],
  "loss": [
    0.3952183425426483,
    0.2908572852611542,
    0.2581084966659546,
    0.232532799243927,
    0.2089308202266693
  ],
  "precision": [
    0.005398340988904238,
    0.007136399857699871,
    0.009246516972780228,
    0.011424466036260128,
    0.013860674574971199
  ],
  "recall": [
    0.8086419701576233,
    0.8562610149383545,
    0.8650793433189392,
    0.869488537311554,
    0.8844797015190125
  ],
  "val_accuracy": [
    0.7057612538337708,
    0.9331775903701782,
    0.9168425798416138,
    0.9340629577636719,
    0.9274933338165283
  ],
  "val_auc": [
    0.9468446373939514,
    0.9606220126152039,
    0.9682301878929138,
    0.9752433896064758,
    0.9799562692642212
  ],
  "val_loss": [
    0.40480995178222656,
    0.23183999955654144,
    0.22226963937282562,
    0.1954735964536667,
    0.19676171243190765
  ],
  "val_precision": [
    0.004044202622026205,
    0.015714507550001144,
    0.013326690532267094,
    0.01690802350640297,
    0.015672864392399788
  ],
  "val_recall": [
    0.9382715821266174,
    0.8353909254074097,
    0.8806584477424622,
    0.8888888955116272,
    0.9053497910499573
  ]
}